{
  "project_info": {
    "project_number": "652217607643",
    "project_id": "fir-demojoycse",
    "storage_bucket": "fir-demojoycse.appspot.com"
  },
  "client": [
    {
      "client_info": {
        "mobilesdk_app_id": "1:652217607643:android:fbd5638da8519ae3a773fe",
        "android_client_info": {
          "package_name": "com.example.firebasetutorial"
        }
      },
      "oauth_client": [
        {
          "client_id": "652217607643-gins2tu0skh0bv5lmu77s71vpev2agpu.apps.googleusercontent.com",
          "client_type": 1,
          "android_info": {
            "package_name": "com.example.firebasetutorial",
            "certificate_hash": "b080548f1e756b14dc79a8a0e1e877394ee20947"
          }
        },
        {
          "client_id": "652217607643-gauqtckdajrt8ief5i65qonj8kf9nfjq.apps.googleusercontent.com",
          "client_type": 3
        }
      ],
      "api_key": [
        {
          "current_key": "AIzaSyDdWBIR667WpBfHjoIgXdg66H_-SrWV08o"
        }
      ],
      "services": {
        "appinvite_service": {
          "other_platform_oauth_client": [
            {
              "client_id": "652217607643-gauqtckdajrt8ief5i65qonj8kf9nfjq.apps.googleusercontent.com",
              "client_type": 3
            }
          ]
        }
      }
    },
    {
      "client_info": {
        "mobilesdk_app_id": "1:652217607643:android:2fcd8dfcf40b88eba773fe",
        "android_client_info": {
          "package_name": "com.example.myfirebaseapp"
        }
      },
      "oauth_client": [
        {
          "client_id": "652217607643-gauqtckdajrt8ief5i65qonj8kf9nfjq.apps.googleusercontent.com",
          "client_type": 3
        }
      ],
      "api_key": [
        {
          "current_key": "AIzaSyDdWBIR667WpBfHjoIgXdg66H_-SrWV08o"
        }
      ],
      "services": {
        "appinvite_service": {
          "other_platform_oauth_client": [
            {
              "client_id": "652217607643-gauqtckdajrt8ief5i65qonj8kf9nfjq.apps.googleusercontent.com",
              "client_type": 3
            }
          ]
        }
      }
    }
  ],
  "configuration_version": "1"
}